mutation,ok,n_samples,degree,semantic_validation_passed_against_correct,semantic_validation_passed_against_mutated,correct_relative_l2,mutated_relative_l2,argmax_agreement_against_correct,argmax_agreement_against_mutated,ct_W1_type,ct_W2_type,ct_X_type,matrix_multiply_operand_kinds,weight_encryption_s,input_encryption_s,server_only_s,total_s,runtime_total_s,runtime_per_sample_s,failure_category,exception
correct_weight,True,32,3,True,True,6.032062436155187e-08,6.032062436757205e-08,1.0,1.0,GLCiphertext,GLCiphertext,GLCiphertext,"{'W1': 'ciphertext', 'W2': 'ciphertext', 'X': 'ciphertext'}",0.9482588339997164,0.4691569169990544,10.041140833998725,18.613430707999214,18.613430707999214,0.5816697096249754,,
zero_W1,True,32,3,False,True,0.9304423546882723,1.5319094207218617e-07,0.0625,1.0,GLCiphertext,GLCiphertext,GLCiphertext,"{'W1': 'ciphertext', 'W2': 'ciphertext', 'X': 'ciphertext'}",0.9944222499998432,0.479008000000249,10.132077707998178,18.759980415999962,18.759980415999962,0.5862493879999988,,
zero_W2,True,32,3,False,True,1.0086531224873847,5.693148755690446e-07,0.125,1.0,GLCiphertext,GLCiphertext,GLCiphertext,"{'W1': 'ciphertext', 'W2': 'ciphertext', 'X': 'ciphertext'}",0.944455332999496,0.476944915999411,10.039490874998592,18.53602058300021,18.53602058300021,0.5792506432187565,,
random_W1,True,32,3,False,True,1.0144735128321936,1.1732093796780206e-07,0.125,1.0,GLCiphertext,GLCiphertext,GLCiphertext,"{'W1': 'ciphertext', 'W2': 'ciphertext', 'X': 'ciphertext'}",0.9622788750002655,0.4756780420011637,9.989635959002044,18.59812108299957,18.59812108299957,0.5811912838437365,,
shuffled_W1_batches,True,32,3,False,True,1.1827193885790785,8.568571640759217e-08,0.09375,1.0,GLCiphertext,GLCiphertext,GLCiphertext,"{'W1': 'ciphertext', 'W2': 'ciphertext', 'X': 'ciphertext'}",0.9436002910006209,0.47572137499992095,10.398069708002367,18.925962792000064,18.925962792000064,0.591436337250002,,
wrong_key_or_wrong_weight,True,32,3,False,False,5.107096273426965e+19,5.107096273426965e+19,0.15625,0.15625,GLCiphertext,GLCiphertext,GLCiphertext,"{'W1': 'ciphertext', 'W2': 'ciphertext', 'X': 'ciphertext'}",0.995536667000124,0.5007322080000449,10.26407158300026,18.89552379199995,18.89552379199995,0.5904851184999984,,
