condition,ok,semantic_validation_passed,n_samples,runtime_total_s,runtime_per_sample_amortized_s,matrix_multiply_count,add_count,sample_packing_utilization,matrix_entry_utilization_input,used_batches,used_columns_last_batch,output_padding_ratio,hidden_padding_ratio,argmax_agreement,accuracy,logits_relative_l2,per_sample_speedup_vs_single
gl_padded_pca32_single_n1,True,True,1,9.170260417013196,9.170260417013196,2,2,,,,,0.6875,,1.0,1.0,1.516614133010717e-08,
gl_padded_pca32_packed_n32,True,True,32,16.227071375004016,0.5070959804688755,2,2,0.00390625,0.00390625,1,32,0.6875,,1.0,0.9375,1.7249599079943142e-08,18.08387518381453
gl_padded_pca32_packed_n450,True,True,450,16.110371583985398,0.03580082574218977,2,2,0.054931640625,0.054931640625,15,2,0.6875,,1.0,0.9488888888888889,1.5286723707269977e-08,256.1466174844797
gl_blocked_digits64_single_n1,True,True,1,12.97329866696964,12.97329866696964,3,3,,,,,,0.5,1.0,,2.3310108824909664e-08,
gl_blocked_digits64_packed_n32,True,True,32,19.620419957995182,0.6131381236873494,3,3,0.00390625,0.0078125,1,32,0.6875,0.5,1.0,0.96875,1.161567863288179e-08,21.158851759126573
gl_blocked_digits64_packed_n450,True,True,450,19.73600579201593,0.04385779064892429,3,3,0.054931640625,0.10986328125,15,2,0.6875,0.5,1.0,0.9577777777777777,1.2199178803480246e-08,295.8037437594417
