{
  "degree": 3,
  "interval": [
    -8.0,
    8.0
  ],
  "coefficients_power_basis_ascending": [
    0.7501872188202515,
    0.5000000000000012,
    0.05857911620178932,
    -3.455511930599933e-17
  ],
  "train_hidden_pre_activation_out_of_interval": 0.00802709725315516
}
