{
  "hidden": 16,
  "classes": [
    0,
    1,
    2,
    3,
    4,
    5,
    6,
    7,
    8,
    9
  ],
  "n_iter": 94,
  "loss": 0.021913109956805246,
  "seed": 42,
  "accuracy_train_relu": 0.9903489235337788,
  "accuracy_test_relu": 0.9577777777777777
}
